t_ns,decay,fit
0.0000000000e+00,4.0000000000e-01,3.0624364560e-01
1.0000000000e-02,3.8398523234e-01,3.0589064195e-01
2.0000000000e-02,3.7807466936e-01,3.0553840243e-01
3.0000000000e-02,3.7333224377e-01,3.0518692519e-01
4.0000000000e-02,3.6929870030e-01,3.0483620839e-01
5.0000000000e-02,3.6571658066e-01,3.0448625020e-01
6.0000000000e-02,3.6244552677e-01,3.0413704880e-01
7.0000000000e-02,3.5944885652e-01,3.0378860235e-01
8.0000000000e-02,3.5667777927e-01,3.0344090904e-01
9.0000000000e-02,3.5406996403e-01,3.0309396705e-01
1.0000000000e-01,3.5156749167e-01,3.0274777457e-01
1.1000000000e-01,3.4918724810e-01,3.0240232980e-01
1.2000000000e-01,3.4691342040e-01,3.0205763092e-01
1.3000000000e-01,3.4474755525e-01,3.0171367614e-01
1.4000000000e-01,3.4266949881e-01,3.0137046367e-01
1.5000000000e-01,3.4066068381e-01,3.0102799172e-01
1.6000000000e-01,3.3875686250e-01,3.0068625850e-01
1.7000000000e-01,3.3695524564e-01,3.0034526224e-01
1.8000000000e-01,3.3518164658e-01,3.0000500115e-01
1.9000000000e-01,3.3350141084e-01,2.9966547346e-01
2.0000000000e-01,3.3190114608e-01,2.9932667741e-01
2.1000000000e-01,3.3033764599e-01,2.9898861123e-01
2.2000000000e-01,3.2886573120e-01,2.9865127317e-01
2.3000000000e-01,3.2742594130e-01,2.9831466146e-01
2.4000000000e-01,3.2607965570e-01,2.9797877436e-01
2.5000000000e-01,3.2481655592e-01,2.9764361013e-01
2.6000000000e-01,3.2351707757e-01,2.9730916701e-01
2.7000000000e-01,3.2220081812e-01,2.9697544328e-01
2.8000000000e-01,3.2093350847e-01,2.9664243719e-01
2.9000000000e-01,3.1972569500e-01,2.9631014702e-01
3.0000000000e-01,3.1855150768e-01,2.9597857105e-01
3.1000000000e-01,3.1737972932e-01,2.9564770755e-01
3.2000000000e-01,3.1619367931e-01,2.9531755481e-01
3.3000000000e-01,3.1502996994e-01,2.9498811111e-01
3.4000000000e-01,3.1394201295e-01,2.9465937475e-01
3.5000000000e-01,3.1286172729e-01,2.9433134402e-01
3.6000000000e-01,3.1179887019e-01,2.9400401722e-01
3.7000000000e-01,3.1074713187e-01,2.9367739265e-01
3.8000000000e-01,3.0968883811e-01,2.9335146863e-01
3.9000000000e-01,3.0865202689e-01,2.9302624347e-01
4.0000000000e-01,3.0765806765e-01,2.9270171548e-01
4.1000000000e-01,3.0671996576e-01,2.9237788299e-01
4.2000000000e-01,3.0579022034e-01,2.9205474431e-01
4.3000000000e-01,3.0487303872e-01,2.9173229778e-01
4.4000000000e-01,3.0401237242e-01,2.9141054173e-01
4.5000000000e-01,3.0317843819e-01,2.9108947450e-01
4.6000000000e-01,3.0237298224e-01,2.9076909443e-01
4.7000000000e-01,3.0157350552e-01,2.9044939986e-01
4.8000000000e-01,3.0083943998e-01,2.9013038915e-01
4.9000000000e-01,3.0011267071e-01,2.8981206064e-01
5.0000000000e-01,2.9935116301e-01,2.8949441269e-01
5.1000000000e-01,2.9861273428e-01,2.8917744367e-01
5.2000000000e-01,2.9788307687e-01,2.8886115194e-01
5.3000000000e-01,2.9716074649e-01,2.8854553587e-01
5.4000000000e-01,2.9647012589e-01,2.8823059383e-01
5.5000000000e-01,2.9574063983e-01,2.8791632420e-01
5.6000000000e-01,2.9501801633e-01,2.8760272536e-01
5.7000000000e-01,2.9428986256e-01,2.8728979570e-01
5.8000000000e-01,2.9358588813e-01,2.8697753359e-01
5.9000000000e-01,2.9291346849e-01,2.8666593745e-01
6.0000000000e-01,2.9225055587e-01,2.8635500566e-01
6.1000000000e-01,2.9158601812e-01,2.8604473663e-01
6.2000000000e-01,2.9097031542e-01,2.8573512876e-01
6.3000000000e-01,2.9037067592e-01,2.8542618045e-01
6.4000000000e-01,2.8976264025e-01,2.8511789013e-01
6.5000000000e-01,2.8917737289e-01,2.8481025620e-01
6.6000000000e-01,2.8856483356e-01,2.8450327709e-01
6.7000000000e-01,2.8794045871e-01,2.8419695122e-01
6.8000000000e-01,2.8731771857e-01,2.8389127702e-01
6.9000000000e-01,2.8666841551e-01,2.8358625292e-01
7.0000000000e-01,2.8601634480e-01,2.8328187736e-01
7.1000000000e-01,2.8538857335e-01,2.8297814878e-01
7.2000000000e-01,2.8477593338e-01,2.8267506561e-01
7.3000000000e-01,2.8416796424e-01,2.8237262631e-01
7.4000000000e-01,2.8354026986e-01,2.8207082933e-01
7.5000000000e-01,2.8291300135e-01,2.8176967311e-01
7.6000000000e-01,2.8230309732e-01,2.8146915613e-01
7.7000000000e-01,2.8170520696e-01,2.8116927684e-01
7.8000000000e-01,2.8113201628e-01,2.8087003370e-01
7.9000000000e-01,2.8057511570e-01,2.8057142520e-01
8.0000000000e-01,2.8008061518e-01,2.8027344979e-01
8.1000000000e-01,2.7959211290e-01,2.7997610596e-01
8.2000000000e-01,2.7908017974e-01,2.7967939219e-01
8.3000000000e-01,2.7853437463e-01,2.7938330697e-01
8.4000000000e-01,2.7798258867e-01,2.7908784877e-01
8.5000000000e-01,2.7740838727e-01,2.7879301610e-01
8.6000000000e-01,2.7685715574e-01,2.7849880744e-01
8.7000000000e-01,2.7631892301e-01,2.7820522130e-01
8.8000000000e-01,2.7578487381e-01,2.7791225619e-01
8.9000000000e-01,2.7523816275e-01,2.7761991060e-01
9.0000000000e-01,2.7476491420e-01,2.7732818304e-01
9.1000000000e-01,2.7426906935e-01,2.7703707204e-01
9.2000000000e-01,2.7377657668e-01,2.7674657611e-01
9.3000000000e-01,2.7326330960e-01,2.7645669376e-01
9.4000000000e-01,2.7276368079e-01,2.7616742353e-01
9.5000000000e-01,2.7228461472e-01,2.7587876394e-01
9.6000000000e-01,2.7181337567e-01,2.7559071353e-01
9.7000000000e-01,2.7132150043e-01,2.7530327082e-01
9.8000000000e-01,2.7081537176e-01,2.7501643436e-01
9.9000000000e-01,2.7027207150e-01,2.7473020270e-01
1.0000000000e+00,2.6974279363e-01,2.7444457437e-01
1.0100000000e+00,2.6929835822e-01,2.7415954793e-01
1.0200000000e+00,2.6888395883e-01,2.7387512192e-01
1.0300000000e+00,2.6845793509e-01,2.7359129492e-01
1.0400000000e+00,2.6805827184e-01,2.7330806547e-01
1.0500000000e+00,2.6769569613e-01,2.7302543214e-01
1.0600000000e+00,2.6734262904e-01,2.7274339350e-01
1.0700000000e+00,2.6698078031e-01,2.7246194812e-01
1.0800000000e+00,2.6659108925e-01,2.7218109457e-01
1.0900000000e+00,2.6621032750e-01,2.7190083144e-01
1.1000000000e+00,2.6585822540e-01,2.7162115729e-01
1.1100000000e+00,2.6548135685e-01,2.7134207072e-01
1.1200000000e+00,2.6512660913e-01,2.7106357032e-01
1.1300000000e+00,2.6473451494e-01,2.7078565467e-01
1.1400000000e+00,2.6437851132e-01,2.7050832237e-01
1.1500000000e+00,2.6404990509e-01,2.7023157203e-01
1.1600000000e+00,2.6370962771e-01,2.6995540223e-01
1.1700000000e+00,2.6334326745e-01,2.6967981159e-01
1.1800000000e+00,2.6298288201e-01,2.6940479872e-01
1.1900000000e+00,2.6262598828e-01,2.6913036222e-01
1.2000000000e+00,2.6226311889e-01,2.6885650072e-01
1.2100000000e+00,2.6194310344e-01,2.6858321283e-01
1.2200000000e+00,2.6162050777e-01,2.6831049717e-01
1.2300000000e+00,2.6126481344e-01,2.6803835238e-01
1.2400000000e+00,2.6089206872e-01,2.6776677707e-01
1.2500000000e+00,2.6056026294e-01,2.6749576988e-01
1.2600000000e+00,2.6021786745e-01,2.6722532945e-01
1.2700000000e+00,2.5991170885e-01,2.6695545441e-01
1.2800000000e+00,2.5964378435e-01,2.6668614341e-01
1.2900000000e+00,2.5935600989e-01,2.6641739510e-01
1.3000000000e+00,2.5907157221e-01,2.6614920811e-01
1.3100000000e+00,2.5874826035e-01,2.6588158111e-01
1.3200000000e+00,2.5839027205e-01,2.6561451275e-01
1.3300000000e+00,2.5804490030e-01,2.6534800168e-01
1.3400000000e+00,2.5767571290e-01,2.6508204658e-01
1.3500000000e+00,2.5728787689e-01,2.6481664610e-01
1.3600000000e+00,2.5694197712e-01,2.6455179892e-01
1.3700000000e+00,2.5661493332e-01,2.6428750370e-01
1.3800000000e+00,2.5630936988e-01,2.6402375912e-01
1.3900000000e+00,2.5598762602e-01,2.6376056386e-01
1.4000000000e+00,2.5568769172e-01,2.6349791660e-01
1.4100000000e+00,2.5535208958e-01,2.6323581603e-01
1.4200000000e+00,2.5501359377e-01,2.6297426083e-01
1.4300000000e+00,2.5468331292e-01,2.6271324969e-01
1.4400000000e+00,2.5439347584e-01,2.6245278131e-01
1.4500000000e+00,2.5413387574e-01,2.6219285439e-01
1.4600000000e+00,2.5384938507e-01,2.6193346762e-01
1.4700000000e+00,2.5355248082e-01,2.6167461971e-01
1.4800000000e+00,2.5322495819e-01,2.6141630937e-01
1.4900000000e+00,2.5292372802e-01,2.6115853531e-01
1.5000000000e+00,2.5263232232e-01,2.6090129624e-01
1.5100000000e+00,2.5241524013e-01,2.6064459087e-01
1.5200000000e+00,2.5216046160e-01,2.6038841793e-01
1.5300000000e+00,2.5187643957e-01,2.6013277614e-01
1.5400000000e+00,2.5154776604e-01,2.5987766423e-01
1.5500000000e+00,2.5121809842e-01,2.5962308092e-01
1.5600000000e+00,2.5091160226e-01,2.5936902494e-01
1.5700000000e+00,2.5060328840e-01,2.5911549503e-01
1.5800000000e+00,2.5029732714e-01,2.5886248994e-01
1.5900000000e+00,2.5001231076e-01,2.5861000839e-01
1.6000000000e+00,2.4971599997e-01,2.5835804914e-01
1.6100000000e+00,2.4941434014e-01,2.5810661093e-01
1.6200000000e+00,2.4908983028e-01,2.5785569251e-01
1.6300000000e+00,2.4873905960e-01,2.5760529264e-01
1.6400000000e+00,2.4841854053e-01,2.5735541007e-01
1.6500000000e+00,2.4810358275e-01,2.5710604356e-01
1.6600000000e+00,2.4781679514e-01,2.5685719188e-01
1.6700000000e+00,2.4753160379e-01,2.5660885379e-01
1.6800000000e+00,2.4724095502e-01,2.5636102805e-01
1.6900000000e+00,2.4698790055e-01,2.5611371345e-01
1.7000000000e+00,2.4675663650e-01,2.5586690875e-01
1.7100000000e+00,2.4653000349e-01,2.5562061273e-01
1.7200000000e+00,2.4629874424e-01,2.5537482418e-01
1.7300000000e+00,2.4608962538e-01,2.5512954187e-01
1.7400000000e+00,2.4589797951e-01,2.5488476460e-01
1.7500000000e+00,2.4570844985e-01,2.5464049115e-01
1.7600000000e+00,2.4552832369e-01,2.5439672031e-01
1.7700000000e+00,2.4529500301e-01,2.5415345088e-01
1.7800000000e+00,2.4513790910e-01,2.5391068167e-01
1.7900000000e+00,2.4499289543e-01,2.5366841146e-01
1.8000000000e+00,2.4486813834e-01,2.5342663907e-01
1.8100000000e+00,2.4472635822e-01,2.5318536330e-01
1.8200000000e+00,2.4456182357e-01,2.5294458296e-01
1.8300000000e+00,2.4437737634e-01,2.5270429686e-01
1.8400000000e+00,2.4420427077e-01,2.5246450382e-01
1.8500000000e+00,2.4399541618e-01,2.5222520267e-01
1.8600000000e+00,2.4385142634e-01,2.5198639221e-01
1.8700000000e+00,2.4367144612e-01,2.5174807128e-01
1.8800000000e+00,2.4349150625e-01,2.5151023870e-01
1.8900000000e+00,2.4330238056e-01,2.5127289330e-01
1.9000000000e+00,2.4308850736e-01,2.5103603392e-01
1.9100000000e+00,2.4290196206e-01,2.5079965938e-01
1.9200000000e+00,2.4269356491e-01,2.5056376854e-01
1.9300000000e+00,2.4247562951e-01,2.5032836023e-01
1.9400000000e+00,2.4224346078e-01,2.5009343330e-01
1.9500000000e+00,2.4202453780e-01,2.4985898658e-01
1.9600000000e+00,2.4180383321e-01,2.4962501894e-01
1.9700000000e+00,2.4157987249e-01,2.4939152923e-01
1.9800000000e+00,2.4137012666e-01,2.4915851630e-01
1.9900000000e+00,2.4118155454e-01,2.4892597900e-01
2.0000000000e+00,2.4099344919e-01,2.4869391621e-01
2.0100000000e+00,2.4079416453e-01,2.4846232679e-01
2.0200000000e+00,2.4056287869e-01,2.4823120959e-01
2.0300000000e+00,2.4034175144e-01,2.4800056349e-01
2.0400000000e+00,2.4010342996e-01,2.4777038737e-01
2.0500000000e+00,2.3982992077e-01,2.4754068010e-01
2.0600000000e+00,2.3960339586e-01,2.4731144055e-01
2.0700000000e+00,2.3940919682e-01,2.4708266761e-01
2.0800000000e+00,2.3912391582e-01,2.4685436016e-01
2.0900000000e+00,2.3887064844e-01,2.4662651709e-01
2.1000000000e+00,2.3863007992e-01,2.4639913727e-01
2.1100000000e+00,2.3839975970e-01,2.4617221962e-01
2.1200000000e+00,2.3817417687e-01,2.4594576301e-01
2.1300000000e+00,2.3795905283e-01,2.4571976635e-01
2.1400000000e+00,2.3772051404e-01,2.4549422854e-01
2.1500000000e+00,2.3749518352e-01,2.4526914847e-01
2.1600000000e+00,2.3726377031e-01,2.4504452506e-01
2.1700000000e+00,2.3701911589e-01,2.4482035721e-01
2.1800000000e+00,2.3681544878e-01,2.4459664383e-01
2.1900000000e+00,2.3662268686e-01,2.4437338383e-01
2.2000000000e+00,2.3643485234e-01,2.4415057613e-01
2.2100000000e+00,2.3623603561e-01,2.4392821965e-01
2.2200000000e+00,2.3599649136e-01,2.4370631330e-01
2.2300000000e+00,2.3577483663e-01,2.4348485601e-01
2.2400000000e+00,2.3556579206e-01,2.4326384672e-01
2.2500000000e+00,2.3529174687e-01,2.4304328433e-01
2.2600000000e+00,2.3503061151e-01,2.4282316780e-01
2.2700000000e+00,2.3476347507e-01,2.4260349604e-01
2.2800000000e+00,2.3450993054e-01,2.4238426801e-01
2.2900000000e+00,2.3425387470e-01,2.4216548262e-01
2.3000000000e+00,2.3402285529e-01,2.4194713884e-01
2.3100000000e+00,2.3376996331e-01,2.4172923560e-01
2.3200000000e+00,2.3351513334e-01,2.4151177184e-01
2.3300000000e+00,2.3328030096e-01,2.4129474653e-01
2.3400000000e+00,2.3307246038e-01,2.4107815860e-01
2.3500000000e+00,2.3287777124e-01,2.4086200702e-01
2.3600000000e+00,2.3268192244e-01,2.4064629074e-01
2.3700000000e+00,2.3248657782e-01,2.4043100872e-01
2.3800000000e+00,2.3228129877e-01,2.4021615992e-01
2.3900000000e+00,2.3212913034e-01,2.4000174331e-01
2.4000000000e+00,2.3198582744e-01,2.3978775786e-01
2.4100000000e+00,2.3183474804e-01,2.3957420253e-01
2.4200000000e+00,2.3162800360e-01,2.3936107630e-01
2.4300000000e+00,2.3144960930e-01,2.3914837814e-01
2.4400000000e+00,2.3128241891e-01,2.3893610702e-01
2.4500000000e+00,2.3108396660e-01,2.3872426194e-01
2.4600000000e+00,2.3092122026e-01,2.3851284186e-01
2.4700000000e+00,2.3080963247e-01,2.3830184578e-01
2.4800000000e+00,2.3058897180e-01,2.3809127268e-01
2.4900000000e+00,2.3037517322e-01,2.3788112155e-01
2.5000000000e+00,2.3019099096e-01,2.3767139139e-01
2.5100000000e+00,2.2999388980e-01,2.3746208119e-01
2.5200000000e+00,2.2975563348e-01,2.3725318994e-01
2.5300000000e+00,2.2956559226e-01,2.3704471664e-01
2.5400000000e+00,2.2940166518e-01,2.3683666030e-01
2.5500000000e+00,2.2920099100e-01,2.3662901992e-01
2.5600000000e+00,2.2901865986e-01,2.3642179451e-01
2.5700000000e+00,2.2878613291e-01,2.3621498308e-01
2.5800000000e+00,2.2861295661e-01,2.3600858463e-01
2.5900000000e+00,2.2841511609e-01,2.3580259819e-01
2.6000000000e+00,2.2819279211e-01,2.3559702276e-01
2.6100000000e+00,2.2801264795e-01,2.3539185737e-01
2.6200000000e+00,2.2786427757e-01,2.3518710104e-01
2.6300000000e+00,2.2771202463e-01,2.3498275279e-01
2.6400000000e+00,2.2754351216e-01,2.3477881165e-01
2.6500000000e+00,2.2735046035e-01,2.3457527665e-01
2.6600000000e+00,2.2714115938e-01,2.3437214681e-01
2.6700000000e+00,2.2691087597e-01,2.3416942117e-01
2.6800000000e+00,2.2669930932e-01,2.3396709877e-01
2.6900000000e+00,2.2655514786e-01,2.3376517863e-01
2.7000000000e+00,2.2639101247e-01,2.3356365982e-01
2.7100000000e+00,2.2619813267e-01,2.3336254135e-01
2.7200000000e+00,2.2605273655e-01,2.3316182229e-01
2.7300000000e+00,2.2587291956e-01,2.3296150168e-01
2.7400000000e+00,2.2575336596e-01,2.3276157856e-01
2.7500000000e+00,2.2561129451e-01,2.3256205199e-01
2.7600000000e+00,2.2547761396e-01,2.3236292102e-01
2.7700000000e+00,2.2531708001e-01,2.3216418471e-01
2.7800000000e+00,2.2516318272e-01,2.3196584212e-01
2.7900000000e+00,2.2505120090e-01,2.3176789230e-01
2.8000000000e+00,2.2488195882e-01,2.3157033433e-01
2.8100000000e+00,2.2473406122e-01,2.3137316726e-01
2.8200000000e+00,2.2457726913e-01,2.3117639017e-01
2.8300000000e+00,2.2444758247e-01,2.3098000213e-01
2.8400000000e+00,2.2431820610e-01,2.3078400220e-01
2.8500000000e+00,2.2419123257e-01,2.3058838946e-01
2.8600000000e+00,2.2400773452e-01,2.3039316299e-01
2.8700000000e+00,2.2387150429e-01,2.3019832187e-01
2.8800000000e+00,2.2372648447e-01,2.3000386518e-01
2.8900000000e+00,2.2354677358e-01,2.2980979200e-01
2.9000000000e+00,2.2338169233e-01,2.2961610142e-01
2.9100000000e+00,2.2322064964e-01,2.2942279253e-01
2.9200000000e+00,2.2305254268e-01,2.2922986441e-01
2.9300000000e+00,2.2286896192e-01,2.2903731617e-01
2.9400000000e+00,2.2264652357e-01,2.2884514688e-01
2.9500000000e+00,2.2237973890e-01,2.2865335566e-01
2.9600000000e+00,2.2210368580e-01,2.2846194160e-01
2.9700000000e+00,2.2180984201e-01,2.2827090379e-01
2.9800000000e+00,2.2154413240e-01,2.2808024136e-01
2.9900000000e+00,2.2130518740e-01,2.2788995339e-01
3.0000000000e+00,2.2103378485e-01,2.2770003900e-01
3.0100000000e+00,2.2085255429e-01,2.2751049730e-01
3.0200000000e+00,2.2064789526e-01,2.2732132740e-01
3.0300000000e+00,2.2047721769e-01,2.2713252842e-01
3.0400000000e+00,2.2025807243e-01,2.2694409947e-01
3.0500000000e+00,2.2012363690e-01,2.2675603967e-01
3.0600000000e+00,2.1996088708e-01,2.2656834813e-01
3.0700000000e+00,2.1980214409e-01,2.2638102400e-01
3.0800000000e+00,2.1963591653e-01,2.2619406638e-01
3.0900000000e+00,2.1945924606e-01,2.2600747440e-01
3.1000000000e+00,2.1925995639e-01,2.2582124721e-01
3.1100000000e+00,2.1908962320e-01,2.2563538392e-01
3.1200000000e+00,2.1893787176e-01,2.2544988367e-01
3.1300000000e+00,2.1878541805e-01,2.2526474560e-01
3.1400000000e+00,2.1858354147e-01,2.2507996884e-01
3.1500000000e+00,2.1840451064e-01,2.2489555254e-01
3.1600000000e+00,2.1822299664e-01,2.2471149583e-01
3.1700000000e+00,2.1804410307e-01,2.2452779786e-01
3.1800000000e+00,2.1784712058e-01,2.2434445778e-01
3.1900000000e+00,2.1769741154e-01,2.2416147473e-01
3.2000000000e+00,2.1754202608e-01,2.2397884787e-01
3.2100000000e+00,2.1737001257e-01,2.2379657635e-01
3.2200000000e+00,2.1718697485e-01,2.2361465932e-01
3.2300000000e+00,2.1699551282e-01,2.2343309594e-01
3.2400000000e+00,2.1682564174e-01,2.2325188536e-01
3.2500000000e+00,2.1665725047e-01,2.2307102675e-01
3.2600000000e+00,2.1649946214e-01,2.2289051928e-01
3.2700000000e+00,2.1632155494e-01,2.2271036210e-01
3.2800000000e+00,2.1619015507e-01,2.2253055438e-01
3.2900000000e+00,2.1607314073e-01,2.2235109529e-01
3.3000000000e+00,2.1592693847e-01,2.2217198400e-01
3.3100000000e+00,2.1579357329e-01,2.2199321969e-01
3.3200000000e+00,2.1567481376e-01,2.2181480153e-01
3.3300000000e+00,2.1554611560e-01,2.2163672870e-01
3.3400000000e+00,2.1544587650e-01,2.2145900037e-01
3.3500000000e+00,2.1537407814e-01,2.2128161572e-01
3.3600000000e+00,2.1526642853e-01,2.2110457395e-01
3.3700000000e+00,2.1518403955e-01,2.2092787423e-01
3.3800000000e+00,2.1502902934e-01,2.2075151575e-01
3.3900000000e+00,2.1484361184e-01,2.2057549770e-01
3.4000000000e+00,2.1466495093e-01,2.2039981927e-01
3.4100000000e+00,2.1444357489e-01,2.2022447965e-01
3.4200000000e+00,2.1425937210e-01,2.2004947805e-01
3.4300000000e+00,2.1407351477e-01,2.1987481364e-01
3.4400000000e+00,2.1391350930e-01,2.1970048565e-01
3.4500000000e+00,2.1375932875e-01,2.1952649325e-01
3.4600000000e+00,2.1357310463e-01,2.1935283566e-01
3.4700000000e+00,2.1337194072e-01,2.1917951209e-01
3.4800000000e+00,2.1318284434e-01,2.1900652173e-01
3.4900000000e+00,2.1301782015e-01,2.1883386379e-01
3.5000000000e+00,2.1284049934e-01,2.1866153750e-01
3.5100000000e+00,2.1270194704e-01,2.1848954205e-01
3.5200000000e+00,2.1255881639e-01,2.1831787667e-01
3.5300000000e+00,2.1241052812e-01,2.1814654056e-01
3.5400000000e+00,2.1225640491e-01,2.1797553295e-01
3.5500000000e+00,2.1214797158e-01,2.1780485306e-01
3.5600000000e+00,2.1198624829e-01,2.1763450011e-01
3.5700000000e+00,2.1181245456e-01,2.1746447332e-01
3.5800000000e+00,2.1169758819e-01,2.1729477192e-01
3.5900000000e+00,2.1157146264e-01,2.1712539513e-01
3.6000000000e+00,2.1144866425e-01,2.1695634219e-01
3.6100000000e+00,2.1128541479e-01,2.1678761232e-01
3.6200000000e+00,2.1113701343e-01,2.1661920477e-01
3.6300000000e+00,2.1095810201e-01,2.1645111875e-01
3.6400000000e+00,2.1081900780e-01,2.1628335352e-01
3.6500000000e+00,2.1068737904e-01,2.1611590831e-01
3.6600000000e+00,2.1057529562e-01,2.1594878236e-01
3.6700000000e+00,2.1047697017e-01,2.1578197491e-01
3.6800000000e+00,2.1036216548e-01,2.1561548521e-01
3.6900000000e+00,2.1019930258e-01,2.1544931251e-01
3.7000000000e+00,2.1002094551e-01,2.1528345604e-01
3.7100000000e+00,2.0989742247e-01,2.1511791506e-01
3.7200000000e+00,2.0971710269e-01,2.1495268883e-01
3.7300000000e+00,2.0956849175e-01,2.1478777659e-01
3.7400000000e+00,2.0945805250e-01,2.1462317761e-01
3.7500000000e+00,2.0936330769e-01,2.1445889113e-01
3.7600000000e+00,2.0925129109e-01,2.1429491642e-01
3.7700000000e+00,2.0917624249e-01,2.1413125273e-01
3.7800000000e+00,2.0907162357e-01,2.1396789934e-01
3.7900000000e+00,2.0898357616e-01,2.1380485550e-01
3.8000000000e+00,2.0890747722e-01,2.1364212048e-01
3.8100000000e+00,2.0882268895e-01,2.1347969355e-01
3.8200000000e+00,2.0871759889e-01,2.1331757398e-01
3.8300000000e+00,2.0861308155e-01,2.1315576104e-01
3.8400000000e+00,2.0850212864e-01,2.1299425400e-01
3.8500000000e+00,2.0838932183e-01,2.1283305214e-01
3.8600000000e+00,2.0822481645e-01,2.1267215473e-01
3.8700000000e+00,2.0807808824e-01,2.1251156106e-01
3.8800000000e+00,2.0790329923e-01,2.1235127039e-01
3.8900000000e+00,2.0779110393e-01,2.1219128203e-01
3.9000000000e+00,2.0771682156e-01,2.1203159524e-01
3.9100000000e+00,2.0764097465e-01,2.1187220931e-01
3.9200000000e+00,2.0755365787e-01,2.1171312354e-01
3.9300000000e+00,2.0741344584e-01,2.1155433721e-01
3.9400000000e+00,2.0725575819e-01,2.1139584961e-01
3.9500000000e+00,2.0711548238e-01,2.1123766003e-01
3.9600000000e+00,2.0703003755e-01,2.1107976777e-01
3.9700000000e+00,2.0694239973e-01,2.1092217213e-01
3.9800000000e+00,2.0690740656e-01,2.1076487239e-01
3.9900000000e+00,2.0680251126e-01,2.1060786787e-01
4.0000000000e+00,2.0672739503e-01,2.1045115786e-01
4.0100000000e+00,2.0667635107e-01,2.1029474166e-01
4.0200000000e+00,2.0663888793e-01,2.1013861858e-01
4.0300000000e+00,2.0655532677e-01,2.0998278792e-01
4.0400000000e+00,2.0644142561e-01,2.0982724900e-01
4.0500000000e+00,2.0631164047e-01,2.0967200112e-01
4.0600000000e+00,2.0619539501e-01,2.0951704359e-01
4.0700000000e+00,2.0608199214e-01,2.0936237573e-01
4.0800000000e+00,2.0599186041e-01,2.0920799685e-01
4.0900000000e+00,2.0584060030e-01,2.0905390627e-01
4.1000000000e+00,2.0576134413e-01,2.0890010330e-01
4.1100000000e+00,2.0567589891e-01,2.0874658726e-01
4.1200000000e+00,2.0560702857e-01,2.0859335748e-01
4.1300000000e+00,2.0551621803e-01,2.0844041328e-01
4.1400000000e+00,2.0541473319e-01,2.0828775398e-01
4.1500000000e+00,2.0533617552e-01,2.0813537891e-01
4.1600000000e+00,2.0528109027e-01,2.0798328740e-01
4.1700000000e+00,2.0521799847e-01,2.0783147877e-01
4.1800000000e+00,2.0515476475e-01,2.0767995236e-01
4.1900000000e+00,2.0507994909e-01,2.0752870750e-01
4.2000000000e+00,2.0500917921e-01,2.0737774352e-01
4.2100000000e+00,2.0492766618e-01,2.0722705976e-01
4.2200000000e+00,2.0477751783e-01,2.0707665556e-01
4.2300000000e+00,2.0461130080e-01,2.0692653025e-01
4.2400000000e+00,2.0446883747e-01,2.0677668318e-01
4.2500000000e+00,2.0426330021e-01,2.0662711370e-01
4.2600000000e+00,2.0404865121e-01,2.0647782113e-01
4.2700000000e+00,2.0389507306e-01,2.0632880483e-01
4.2800000000e+00,2.0373018036e-01,2.0618006415e-01
4.2900000000e+00,2.0360445670e-01,2.0603159844e-01
4.3000000000e+00,2.0345549339e-01,2.0588340704e-01
4.3100000000e+00,2.0330674850e-01,2.0573548930e-01
4.3200000000e+00,2.0315470990e-01,2.0558784459e-01
4.3300000000e+00,2.0301431005e-01,2.0544047225e-01
4.3400000000e+00,2.0288016089e-01,2.0529337165e-01
4.3500000000e+00,2.0274587384e-01,2.0514654214e-01
4.3600000000e+00,2.0258103978e-01,2.0499998307e-01
4.3700000000e+00,2.0243409004e-01,2.0485369382e-01
4.3800000000e+00,2.0226042128e-01,2.0470767374e-01
4.3900000000e+00,2.0210738973e-01,2.0456192220e-01
4.4000000000e+00,2.0195882510e-01,2.0441643856e-01
4.4100000000e+00,2.0179056944e-01,2.0427122220e-01
4.4200000000e+00,2.0158633053e-01,2.0412627248e-01
4.4300000000e+00,2.0140324389e-01,2.0398158877e-01
4.4400000000e+00,2.0124276961e-01,2.0383717045e-01
4.4500000000e+00,2.0114562902e-01,2.0369301688e-01
4.4600000000e+00,2.0106799726e-01,2.0354912744e-01
4.4700000000e+00,2.0092846041e-01,2.0340550152e-01
4.4800000000e+00,2.0083185003e-01,2.0326213848e-01
4.4900000000e+00,2.0071885660e-01,2.0311903771e-01
4.5000000000e+00,2.0061356379e-01,2.0297619859e-01
4.5100000000e+00,2.0054209449e-01,2.0283362050e-01
4.5200000000e+00,2.0046034636e-01,2.0269130282e-01
4.5300000000e+00,2.0038866408e-01,2.0254924495e-01
4.5400000000e+00,2.0033450551e-01,2.0240744627e-01
4.5500000000e+00,2.0027834519e-01,2.0226590616e-01
4.5600000000e+00,2.0021181041e-01,2.0212462402e-01
4.5700000000e+00,2.0015531026e-01,2.0198359924e-01
4.5800000000e+00,2.0003297679e-01,2.0184283121e-01
4.5900000000e+00,1.9990416117e-01,2.0170231933e-01
4.6000000000e+00,1.9984295263e-01,2.0156206300e-01
4.6100000000e+00,1.9976008203e-01,2.0142206160e-01
4.6200000000e+00,1.9965484718e-01,2.0128231455e-01
4.6300000000e+00,1.9957240633e-01,2.0114282123e-01
4.6400000000e+00,1.9946411725e-01,2.0100358106e-01
4.6500000000e+00,1.9936773801e-01,2.0086459344e-01
4.6600000000e+00,1.9926120426e-01,2.0072585776e-01
4.6700000000e+00,1.9917314441e-01,2.0058737345e-01
4.6800000000e+00,1.9912851840e-01,2.0044913989e-01
4.6900000000e+00,1.9902858017e-01,2.0031115652e-01
4.7000000000e+00,1.9895717247e-01,2.0017342273e-01
4.7100000000e+00,1.9889732967e-01,2.0003593793e-01
4.7200000000e+00,1.9883491131e-01,1.9989870155e-01
4.7300000000e+00,1.9872723208e-01,1.9976171299e-01
4.7400000000e+00,1.9860505111e-01,1.9962497167e-01
4.7500000000e+00,1.9852501722e-01,1.9948847702e-01
4.7600000000e+00,1.9842860922e-01,1.9935222844e-01
4.7700000000e+00,1.9832910389e-01,1.9921622536e-01
4.7800000000e+00,1.9819310430e-01,1.9908046721e-01
4.7900000000e+00,1.9809291712e-01,1.9894495340e-01
4.8000000000e+00,1.9805131123e-01,1.9880968336e-01
4.8100000000e+00,1.9801720125e-01,1.9867465652e-01
4.8200000000e+00,1.9797800308e-01,1.9853987230e-01
4.8300000000e+00,1.9792144670e-01,1.9840533014e-01
4.8400000000e+00,1.9786516797e-01,1.9827102946e-01
4.8500000000e+00,1.9784873357e-01,1.9813696969e-01
4.8600000000e+00,1.9782227855e-01,1.9800315027e-01
4.8700000000e+00,1.9781883377e-01,1.9786957064e-01
4.8800000000e+00,1.9777806095e-01,1.9773623023e-01
4.8900000000e+00,1.9777230622e-01,1.9760312847e-01
4.9000000000e+00,1.9772223391e-01,1.9747026481e-01
4.9100000000e+00,1.9764441860e-01,1.9733763869e-01
4.9200000000e+00,1.9755363644e-01,1.9720524954e-01
4.9300000000e+00,1.9745090072e-01,1.9707309681e-01
4.9400000000e+00,1.9736627783e-01,1.9694117995e-01
4.9500000000e+00,1.9726417726e-01,1.9680949839e-01
4.9600000000e+00,1.9716136293e-01,1.9667805160e-01
4.9700000000e+00,1.9708208302e-01,1.9654683901e-01
4.9800000000e+00,1.9700022614e-01,1.9641586007e-01
4.9900000000e+00,1.9693377942e-01,1.9628511423e-01
5.0000000000e+00,1.9681342630e-01,1.9615460096e-01
5.0100000000e+00,1.9673737355e-01,1.9602431969e-01
5.0200000000e+00,1.9665098050e-01,1.9589426990e-01
5.0300000000e+00,1.9654119550e-01,1.9576445102e-01
5.0400000000e+00,1.9642515473e-01,1.9563486252e-01
5.0500000000e+00,1.9628341088e-01,1.9550550386e-01
5.0600000000e+00,1.9615996535e-01,1.9537637450e-01
5.0700000000e+00,1.9604885548e-01,1.9524747391e-01
5.0800000000e+00,1.9595170975e-01,1.9511880153e-01
5.0900000000e+00,1.9587059448e-01,1.9499035684e-01
5.1000000000e+00,1.9580746293e-01,1.9486213931e-01
5.1100000000e+00,1.9576976214e-01,1.9473414839e-01
5.1200000000e+00,1.9571288087e-01,1.9460638356e-01
5.1300000000e+00,1.9566517898e-01,1.9447884429e-01
5.1400000000e+00,1.9560919202e-01,1.9435153004e-01
5.1500000000e+00,1.9558590423e-01,1.9422444030e-01
5.1600000000e+00,1.9553834930e-01,1.9409757452e-01
5.1700000000e+00,1.9549371742e-01,1.9397093220e-01
5.1800000000e+00,1.9547543527e-01,1.9384451279e-01
5.1900000000e+00,1.9543818761e-01,1.9371831579e-01
5.2000000000e+00,1.9542810214e-01,1.9359234066e-01
5.2100000000e+00,1.9537862422e-01,1.9346658689e-01
5.2200000000e+00,1.9529277241e-01,1.9334105396e-01
5.2300000000e+00,1.9525668604e-01,1.9321574135e-01
5.2400000000e+00,1.9514412550e-01,1.9309064855e-01
5.2500000000e+00,1.9503527260e-01,1.9296577503e-01
5.2600000000e+00,1.9496788438e-01,1.9284112029e-01
5.2700000000e+00,1.9491975577e-01,1.9271668380e-01
5.2800000000e+00,1.9487361199e-01,1.9259246507e-01
5.2900000000e+00,1.9484182060e-01,1.9246846358e-01
5.3000000000e+00,1.9480271738e-01,1.9234467882e-01
5.3100000000e+00,1.9473768804e-01,1.9222111028e-01
5.3200000000e+00,1.9466115293e-01,1.9209775745e-01
5.3300000000e+00,1.9460601048e-01,1.9197461984e-01
5.3400000000e+00,1.9454033223e-01,1.9185169693e-01
5.3500000000e+00,1.9447698437e-01,1.9172898823e-01
5.3600000000e+00,1.9440715853e-01,1.9160649322e-01
5.3700000000e+00,1.9436599201e-01,1.9148421142e-01
5.3800000000e+00,1.9434047428e-01,1.9136214232e-01
5.3900000000e+00,1.9426786951e-01,1.9124028542e-01
5.4000000000e+00,1.9419966264e-01,1.9111864023e-01
5.4100000000e+00,1.9415619504e-01,1.9099720625e-01
5.4200000000e+00,1.9409283163e-01,1.9087598298e-01
5.4300000000e+00,1.9404080178e-01,1.9075496994e-01
5.4400000000e+00,1.9396758938e-01,1.9063416663e-01
5.4500000000e+00,1.9388636991e-01,1.9051357256e-01
5.4600000000e+00,1.9382021568e-01,1.9039318724e-01
5.4700000000e+00,1.9370980574e-01,1.9027301018e-01
5.4800000000e+00,1.9358617411e-01,1.9015304089e-01
5.4900000000e+00,1.9345421353e-01,1.9003327890e-01
5.5000000000e+00,1.9337616380e-01,1.8991372371e-01
5.5100000000e+00,1.9327061826e-01,1.8979437483e-01
5.5200000000e+00,1.9315922795e-01,1.8967523180e-01
5.5300000000e+00,1.9307093059e-01,1.8955629412e-01
5.5400000000e+00,1.9298034821e-01,1.8943756131e-01
5.5500000000e+00,1.9287118162e-01,1.8931903291e-01
5.5600000000e+00,1.9280770036e-01,1.8920070842e-01
5.5700000000e+00,1.9267688020e-01,1.8908258737e-01
5.5800000000e+00,1.9255925846e-01,1.8896466929e-01
5.5900000000e+00,1.9244644895e-01,1.8884695370e-01
5.6000000000e+00,1.9236883921e-01,1.8872944013e-01
5.6100000000e+00,1.9227743274e-01,1.8861212810e-01
5.6200000000e+00,1.9220665621e-01,1.8849501716e-01
5.6300000000e+00,1.9210198434e-01,1.8837810681e-01
5.6400000000e+00,1.9202515287e-01,1.8826139661e-01
5.6500000000e+00,1.9193125850e-01,1.8814488607e-01
5.6600000000e+00,1.9182285993e-01,1.8802857474e-01
5.6700000000e+00,1.9170676387e-01,1.8791246214e-01
5.6800000000e+00,1.9160516765e-01,1.8779654782e-01
5.6900000000e+00,1.9149987676e-01,1.8768083131e-01
5.7000000000e+00,1.9143263049e-01,1.8756531215e-01
5.7100000000e+00,1.9135014362e-01,1.8744998987e-01
5.7200000000e+00,1.9127804347e-01,1.8733486402e-01
5.7300000000e+00,1.9122264551e-01,1.8721993415e-01
5.7400000000e+00,1.9111301523e-01,1.8710519978e-01
5.7500000000e+00,1.9102247820e-01,1.8699066048e-01
5.7600000000e+00,1.9092524311e-01,1.8687631577e-01
5.7700000000e+00,1.9083875469e-01,1.8676216521e-01
5.7800000000e+00,1.9073004345e-01,1.8664820834e-01
5.7900000000e+00,1.9062094508e-01,1.8653444472e-01
5.8000000000e+00,1.9050524434e-01,1.8642087389e-01
5.8100000000e+00,1.9037169496e-01,1.8630749540e-01
5.8200000000e+00,1.9021982293e-01,1.8619430880e-01
5.8300000000e+00,1.9007903565e-01,1.8608131365e-01
5.8400000000e+00,1.8993191026e-01,1.8596850949e-01
5.8500000000e+00,1.8977952648e-01,1.8585589589e-01
5.8600000000e+00,1.8962670142e-01,1.8574347241e-01
5.8700000000e+00,1.8944933644e-01,1.8563123858e-01
5.8800000000e+00,1.8926947176e-01,1.8551919398e-01
5.8900000000e+00,1.8908894816e-01,1.8540733817e-01
5.9000000000e+00,1.8891881176e-01,1.8529567070e-01
5.9100000000e+00,1.8880047352e-01,1.8518419113e-01
5.9200000000e+00,1.8868727960e-01,1.8507289903e-01
5.9300000000e+00,1.8860811573e-01,1.8496179396e-01
5.9400000000e+00,1.8851483515e-01,1.8485087548e-01
5.9500000000e+00,1.8840979654e-01,1.8474014317e-01
5.9600000000e+00,1.8836720073e-01,1.8462959658e-01
5.9700000000e+00,1.8828915551e-01,1.8451923528e-01
5.9800000000e+00,1.8824538895e-01,1.8440905885e-01
5.9900000000e+00,1.8825699574e-01,1.8429906685e-01
6.0000000000e+00,1.8824616121e-01,1.8418925885e-01
6.0100000000e+00,1.8822488007e-01,1.8407963443e-01
6.0200000000e+00,1.8816286565e-01,1.8397019315e-01
6.0300000000e+00,1.8808769928e-01,1.8386093459e-01
6.0400000000e+00,1.8797685132e-01,1.8375185833e-01
6.0500000000e+00,1.8792903731e-01,1.8364296394e-01
6.0600000000e+00,1.8785378562e-01,1.8353425100e-01
6.0700000000e+00,1.8775696980e-01,1.8342571909e-01
6.0800000000e+00,1.8767319407e-01,1.8331736778e-01
6.0900000000e+00,1.8762022539e-01,1.8320919666e-01
6.1000000000e+00,1.8756911439e-01,1.8310120530e-01
6.1100000000e+00,1.8751930880e-01,1.8299339329e-01
6.1200000000e+00,1.8751330602e-01,1.8288576021e-01
6.1300000000e+00,1.8747030193e-01,1.8277830565e-01
6.1400000000e+00,1.8739663851e-01,1.8267102919e-01
6.1500000000e+00,1.8732232101e-01,1.8256393041e-01
6.1600000000e+00,1.8724351040e-01,1.8245700891e-01
6.1700000000e+00,1.8715226344e-01,1.8235026427e-01
6.1800000000e+00,1.8702688286e-01,1.8224369608e-01
6.1900000000e+00,1.8694640601e-01,1.8213730393e-01
6.2000000000e+00,1.8687466995e-01,1.8203108741e-01
6.2100000000e+00,1.8680747393e-01,1.8192504612e-01
6.2200000000e+00,1.8673863466e-01,1.8181917964e-01
6.2300000000e+00,1.8666502722e-01,1.8171348757e-01
6.2400000000e+00,1.8660651217e-01,1.8160796951e-01
6.2500000000e+00,1.8656553816e-01,1.8150262505e-01
6.2600000000e+00,1.8651880548e-01,1.8139745379e-01
6.2700000000e+00,1.8650462063e-01,1.8129245533e-01
6.2800000000e+00,1.8647909908e-01,1.8118762926e-01
6.2900000000e+00,1.8640037750e-01,1.8108297519e-01
6.3000000000e+00,1.8633211556e-01,1.8097849272e-01
6.3100000000e+00,1.8625303180e-01,1.8087418144e-01
6.3200000000e+00,1.8623026495e-01,1.8077004096e-01
6.3300000000e+00,1.8621228329e-01,1.8066607089e-01
6.3400000000e+00,1.8619774461e-01,1.8056227083e-01
6.3500000000e+00,1.8620019427e-01,1.8045864039e-01
6.3600000000e+00,1.8621026479e-01,1.8035517917e-01
6.3700000000e+00,1.8623521708e-01,1.8025188677e-01
6.3800000000e+00,1.8620924279e-01,1.8014876282e-01
6.3900000000e+00,1.8620265123e-01,1.8004580691e-01
6.4000000000e+00,1.8618897433e-01,1.7994301866e-01
6.4100000000e+00,1.8618615854e-01,1.7984039768e-01
6.4200000000e+00,1.8621061471e-01,1.7973794359e-01
6.4300000000e+00,1.8623733284e-01,1.7963565599e-01
6.4400000000e+00,1.8624098070e-01,1.7953353450e-01
6.4500000000e+00,1.8618669482e-01,1.7943157873e-01
6.4600000000e+00,1.8609870738e-01,1.7932978831e-01
6.4700000000e+00,1.8597481122e-01,1.7922816284e-01
6.4800000000e+00,1.8585835461e-01,1.7912670195e-01
6.4900000000e+00,1.8578977163e-01,1.7902540526e-01
6.5000000000e+00,1.8573933445e-01,1.7892427238e-01
6.5100000000e+00,1.8563708500e-01,1.7882330293e-01
6.5200000000e+00,1.8550972987e-01,1.7872249655e-01
6.5300000000e+00,1.8538509436e-01,1.7862185284e-01
6.5400000000e+00,1.8521436433e-01,1.7852137144e-01
6.5500000000e+00,1.8505015600e-01,1.7842105196e-01
6.5600000000e+00,1.8488640611e-01,1.7832089404e-01
6.5700000000e+00,1.8470628409e-01,1.7822089730e-01
6.5800000000e+00,1.8452777701e-01,1.7812106137e-01
6.5900000000e+00,1.8434987951e-01,1.7802138587e-01
6.6000000000e+00,1.8423089040e-01,1.7792187043e-01
6.6100000000e+00,1.8410330887e-01,1.7782251469e-01
6.6200000000e+00,1.8397023555e-01,1.7772331827e-01
6.6300000000e+00,1.8386320874e-01,1.7762428081e-01
6.6400000000e+00,1.8372319463e-01,1.7752540194e-01
6.6500000000e+00,1.8359451224e-01,1.7742668129e-01
6.6600000000e+00,1.8346580635e-01,1.7732811850e-01
6.6700000000e+00,1.8332246590e-01,1.7722971319e-01
6.6800000000e+00,1.8319802959e-01,1.7713146502e-01
6.6900000000e+00,1.8306676375e-01,1.7703337361e-01
6.7000000000e+00,1.8291047016e-01,1.7693543861e-01
6.7100000000e+00,1.8275786025e-01,1.7683765965e-01
6.7200000000e+00,1.8264079070e-01,1.7674003637e-01
6.7300000000e+00,1.8251441756e-01,1.7664256841e-01
6.7400000000e+00,1.8239482383e-01,1.7654525541e-01
6.7500000000e+00,1.8227281785e-01,1.7644809702e-01
6.7600000000e+00,1.8212043923e-01,1.7635109288e-01
6.7700000000e+00,1.8200510848e-01,1.7625424263e-01
6.7800000000e+00,1.8185608538e-01,1.7615754592e-01
6.7900000000e+00,1.8175115094e-01,1.7606100239e-01
6.8000000000e+00,1.8165998567e-01,1.7596461170e-01
6.8100000000e+00,1.8158229517e-01,1.7586837348e-01
6.8200000000e+00,1.8144293044e-01,1.7577228738e-01
6.8300000000e+00,1.8140039319e-01,1.7567635307e-01
6.8400000000e+00,1.8134471092e-01,1.7558057017e-01
6.8500000000e+00,1.8130690028e-01,1.7548493836e-01
6.8600000000e+00,1.8125635111e-01,1.7538945727e-01
6.8700000000e+00,1.8120982830e-01,1.7529412656e-01
6.8800000000e+00,1.8118923190e-01,1.7519894588e-01
6.8900000000e+00,1.8116203366e-01,1.7510391489e-01
6.9000000000e+00,1.8109970905e-01,1.7500903325e-01
6.9100000000e+00,1.8107662557e-01,1.7491430060e-01
6.9200000000e+00,1.8103725762e-01,1.7481971662e-01
6.9300000000e+00,1.8097258914e-01,1.7472528094e-01
6.9400000000e+00,1.8090971594e-01,1.7463099323e-01
6.9500000000e+00,1.8081321379e-01,1.7453685316e-01
6.9600000000e+00,1.8070141646e-01,1.7444286038e-01
6.9700000000e+00,1.8057948289e-01,1.7434901455e-01
6.9800000000e+00,1.8044251760e-01,1.7425531533e-01
6.9900000000e+00,1.8030292247e-01,1.7416176239e-01
7.0000000000e+00,1.8017674496e-01,1.7406835539e-01
7.0100000000e+00,1.8008630041e-01,1.7397509399e-01
7.0200000000e+00,1.7996073781e-01,1.7388197787e-01
7.0300000000e+00,1.7987966082e-01,1.7378900667e-01
7.0400000000e+00,1.7982299696e-01,1.7369618008e-01
7.0500000000e+00,1.7971631911e-01,1.7360349776e-01
7.0600000000e+00,1.7962551749e-01,1.7351095937e-01
7.0700000000e+00,1.7955210222e-01,1.7341856460e-01
7.0800000000e+00,1.7945127524e-01,1.7332631309e-01
7.0900000000e+00,1.7934443303e-01,1.7323420454e-01
7.1000000000e+00,1.7925280023e-01,1.7314223860e-01
7.1100000000e+00,1.7914009388e-01,1.7305041495e-01
7.1200000000e+00,1.7904901560e-01,1.7295873327e-01
7.1300000000e+00,1.7894376007e-01,1.7286719322e-01
7.1400000000e+00,1.7885047279e-01,1.7277579448e-01
7.1500000000e+00,1.7880868225e-01,1.7268453674e-01
7.1600000000e+00,1.7878042051e-01,1.7259341965e-01
7.1700000000e+00,1.7871683779e-01,1.7250244291e-01
7.1800000000e+00,1.7868274871e-01,1.7241160619e-01
7.1900000000e+00,1.7866481602e-01,1.7232090916e-01
7.2000000000e+00,1.7861463235e-01,1.7223035151e-01
7.2100000000e+00,1.7856740135e-01,1.7213993291e-01
7.2200000000e+00,1.7851358680e-01,1.7204965306e-01
7.2300000000e+00,1.7844695019e-01,1.7195951162e-01
7.2400000000e+00,1.7841835047e-01,1.7186950828e-01
7.2500000000e+00,1.7838293240e-01,1.7177964273e-01
7.2600000000e+00,1.7834505884e-01,1.7168991465e-01
7.2700000000e+00,1.7828505739e-01,1.7160032372e-01
7.2800000000e+00,1.7821578770e-01,1.7151086963e-01
7.2900000000e+00,1.7813788397e-01,1.7142155206e-01
7.3000000000e+00,1.7808376891e-01,1.7133237071e-01
7.3100000000e+00,1.7802294929e-01,1.7124332526e-01
7.3200000000e+00,1.7796169291e-01,1.7115441540e-01
7.3300000000e+00,1.7789358871e-01,1.7106564081e-01
7.3400000000e+00,1.7780016968e-01,1.7097700120e-01
7.3500000000e+00,1.7770795991e-01,1.7088849624e-01
7.3600000000e+00,1.7761861945e-01,1.7080012563e-01
7.3700000000e+00,1.7752449138e-01,1.7071188907e-01
7.3800000000e+00,1.7745356849e-01,1.7062378624e-01
7.3900000000e+00,1.7740979604e-01,1.7053581684e-01
7.4000000000e+00,1.7735460670e-01,1.7044798057e-01
7.4100000000e+00,1.7731389464e-01,1.7036027712e-01
7.4200000000e+00,1.7727256560e-01,1.7027270618e-01
7.4300000000e+00,1.7719742702e-01,1.7018526746e-01
7.4400000000e+00,1.7717778989e-01,1.7009796064e-01
7.4500000000e+00,1.7709859767e-01,1.7001078544e-01
7.4600000000e+00,1.7700331741e-01,1.6992374154e-01
7.4700000000e+00,1.7690767266e-01,1.6983682865e-01
7.4800000000e+00,1.7681977548e-01,1.6975004646e-01
7.4900000000e+00,1.7671239797e-01,1.6966339469e-01
7.5000000000e+00,1.7661299314e-01,1.6957687302e-01
7.5100000000e+00,1.7653199082e-01,1.6949048117e-01
7.5200000000e+00,1.7648684677e-01,1.6940421884e-01
7.5300000000e+00,1.7642946598e-01,1.6931808573e-01
7.5400000000e+00,1.7635613069e-01,1.6923208154e-01
7.5500000000e+00,1.7623740067e-01,1.6914620598e-01
7.5600000000e+00,1.7617869946e-01,1.6906045876e-01
7.5700000000e+00,1.7612898199e-01,1.6897483959e-01
7.5800000000e+00,1.7607183221e-01,1.6888934816e-01
7.5900000000e+00,1.7600897372e-01,1.6880398420e-01
7.6000000000e+00,1.7595451840e-01,1.6871874741e-01
7.6100000000e+00,1.7590856103e-01,1.6863363749e-01
7.6200000000e+00,1.7587540164e-01,1.6854865417e-01
7.6300000000e+00,1.7582889129e-01,1.6846379714e-01
7.6400000000e+00,1.7580506672e-01,1.6837906613e-01
7.6500000000e+00,1.7575498390e-01,1.6829446084e-01
7.6600000000e+00,1.7569356021e-01,1.6820998099e-01
7.6700000000e+00,1.7562157148e-01,1.6812562629e-01
7.6800000000e+00,1.7552891433e-01,1.6804139646e-01
7.6900000000e+00,1.7540674975e-01,1.6795729122e-01
7.7000000000e+00,1.7528806908e-01,1.6787331027e-01
7.7100000000e+00,1.7516735356e-01,1.6778945333e-01
7.7200000000e+00,1.7504258419e-01,1.6770572013e-01
7.7300000000e+00,1.7489600156e-01,1.6762211038e-01
7.7400000000e+00,1.7475171127e-01,1.6753862380e-01
7.7500000000e+00,1.7464046508e-01,1.6745526010e-01
7.7600000000e+00,1.7451362179e-01,1.6737201902e-01
7.7700000000e+00,1.7438623127e-01,1.6728890026e-01
7.7800000000e+00,1.7421523956e-01,1.6720590356e-01
7.7900000000e+00,1.7407835707e-01,1.6712302863e-01
7.8000000000e+00,1.7392074446e-01,1.6704027520e-01
7.8100000000e+00,1.7378852404e-01,1.6695764299e-01
7.8200000000e+00,1.7365277364e-01,1.6687513172e-01
7.8300000000e+00,1.7349303521e-01,1.6679274112e-01
7.8400000000e+00,1.7331552737e-01,1.6671047091e-01
7.8500000000e+00,1.7315221929e-01,1.6662832082e-01
7.8600000000e+00,1.7294467064e-01,1.6654629059e-01
7.8700000000e+00,1.7271901323e-01,1.6646437992e-01
7.8800000000e+00,1.7257615440e-01,1.6638258856e-01
7.8900000000e+00,1.7246076559e-01,1.6630091624e-01
7.9000000000e+00,1.7232519053e-01,1.6621936267e-01
7.9100000000e+00,1.7217017375e-01,1.6613792759e-01
7.9200000000e+00,1.7203857886e-01,1.6605661074e-01
7.9300000000e+00,1.7188902698e-01,1.6597541185e-01
7.9400000000e+00,1.7169802201e-01,1.6589433063e-01
7.9500000000e+00,1.7148535364e-01,1.6581336684e-01
7.9600000000e+00,1.7130349179e-01,1.6573252020e-01
7.9700000000e+00,1.7107648607e-01,1.6565179045e-01
7.9800000000e+00,1.7082598942e-01,1.6557117731e-01
7.9900000000e+00,1.7062227920e-01,1.6549068054e-01
8.0000000000e+00,1.7044376610e-01,1.6541029985e-01
8.0100000000e+00,1.7028961137e-01,1.6533003500e-01
8.0200000000e+00,1.7017883030e-01,1.6524988571e-01
8.0300000000e+00,1.7004637325e-01,1.6516985172e-01
8.0400000000e+00,1.6987449866e-01,1.6508993278e-01
8.0500000000e+00,1.6971939387e-01,1.6501012862e-01
8.0600000000e+00,1.6958486393e-01,1.6493043898e-01
8.0700000000e+00,1.6947074462e-01,1.6485086360e-01
8.0800000000e+00,1.6939300062e-01,1.6477140223e-01
8.0900000000e+00,1.6929763431e-01,1.6469205460e-01
8.1000000000e+00,1.6914952014e-01,1.6461282046e-01
8.1100000000e+00,1.6900410321e-01,1.6453369955e-01
8.1200000000e+00,1.6888247500e-01,1.6445469161e-01
8.1300000000e+00,1.6879838544e-01,1.6437579639e-01
8.1400000000e+00,1.6866577386e-01,1.6429701364e-01
8.1500000000e+00,1.6852021848e-01,1.6421834309e-01
8.1600000000e+00,1.6837768730e-01,1.6413978449e-01
8.1700000000e+00,1.6819285365e-01,1.6406133760e-01
8.1800000000e+00,1.6802447966e-01,1.6398300215e-01
8.1900000000e+00,1.6791671536e-01,1.6390477790e-01
8.2000000000e+00,1.6777863689e-01,1.6382666460e-01
8.2100000000e+00,1.6766225860e-01,1.6374866199e-01
8.2200000000e+00,1.6749884879e-01,1.6367076982e-01
8.2300000000e+00,1.6736864629e-01,1.6359298785e-01
8.2400000000e+00,1.6723151981e-01,1.6351531582e-01
8.2500000000e+00,1.6710228474e-01,1.6343775348e-01
8.2600000000e+00,1.6699446218e-01,1.6336030060e-01
8.2700000000e+00,1.6689459771e-01,1.6328295692e-01
8.2800000000e+00,1.6676242010e-01,1.6320572219e-01
8.2900000000e+00,1.6662970812e-01,1.6312859617e-01
8.3000000000e+00,1.6651477595e-01,1.6305157861e-01
8.3100000000e+00,1.6639207495e-01,1.6297466927e-01
8.3200000000e+00,1.6624091421e-01,1.6289786790e-01
8.3300000000e+00,1.6609037457e-01,1.6282117426e-01
8.3400000000e+00,1.6594112018e-01,1.6274458811e-01
8.3500000000e+00,1.6580379492e-01,1.6266810921e-01
8.3600000000e+00,1.6569430199e-01,1.6259173730e-01
8.3700000000e+00,1.6557072730e-01,1.6251547216e-01
8.3800000000e+00,1.6544325146e-01,1.6243931354e-01
8.3900000000e+00,1.6530506900e-01,1.6236326120e-01
8.4000000000e+00,1.6516560839e-01,1.6228731490e-01
8.4100000000e+00,1.6509212854e-01,1.6221147440e-01
8.4200000000e+00,1.6503207448e-01,1.6213573946e-01
8.4300000000e+00,1.6493981460e-01,1.6206010985e-01
8.4400000000e+00,1.6480754244e-01,1.6198458533e-01
8.4500000000e+00,1.6464575763e-01,1.6190916565e-01
8.4600000000e+00,1.6454243960e-01,1.6183385060e-01
8.4700000000e+00,1.6443705551e-01,1.6175863992e-01
8.4800000000e+00,1.6433033787e-01,1.6168353339e-01
8.4900000000e+00,1.6426817849e-01,1.6160853077e-01
8.5000000000e+00,1.6419959124e-01,1.6153363182e-01
8.5100000000e+00,1.6417068439e-01,1.6145883632e-01
8.5200000000e+00,1.6412940546e-01,1.6138414403e-01
8.5300000000e+00,1.6403944289e-01,1.6130955471e-01
8.5400000000e+00,1.6391344891e-01,1.6123506815e-01
8.5500000000e+00,1.6382725593e-01,1.6116068409e-01
8.5600000000e+00,1.6373139106e-01,1.6108640233e-01
8.5700000000e+00,1.6361789660e-01,1.6101222262e-01
8.5800000000e+00,1.6348925762e-01,1.6093814473e-01
8.5900000000e+00,1.6335305012e-01,1.6086416844e-01
8.6000000000e+00,1.6321147568e-01,1.6079029352e-01
8.6100000000e+00,1.6303076775e-01,1.6071651975e-01
8.6200000000e+00,1.6286952545e-01,1.6064284688e-01
8.6300000000e+00,1.6274902076e-01,1.6056927471e-01
8.6400000000e+00,1.6265676289e-01,1.6049580299e-01
8.6500000000e+00,1.6255826711e-01,1.6042243151e-01
8.6600000000e+00,1.6249265337e-01,1.6034916004e-01
8.6700000000e+00,1.6237707517e-01,1.6027598836e-01
8.6800000000e+00,1.6225511825e-01,1.6020291624e-01
8.6900000000e+00,1.6210490055e-01,1.6012994346e-01
8.7000000000e+00,1.6196987899e-01,1.6005706980e-01
8.7100000000e+00,1.6178200095e-01,1.5998429503e-01
8.7200000000e+00,1.6156003200e-01,1.5991161893e-01
8.7300000000e+00,1.6135808569e-01,1.5983904129e-01
8.7400000000e+00,1.6116579297e-01,1.5976656188e-01
8.7500000000e+00,1.6095500596e-01,1.5969418047e-01
8.7600000000e+00,1.6074199802e-01,1.5962189686e-01
8.7700000000e+00,1.6052341838e-01,1.5954971082e-01
8.7800000000e+00,1.6035799529e-01,1.5947762214e-01
8.7900000000e+00,1.6021338800e-01,1.5940563059e-01
8.8000000000e+00,1.6007533397e-01,1.5933373596e-01
8.8100000000e+00,1.5985242427e-01,1.5926193803e-01
8.8200000000e+00,1.5970637823e-01,1.5919023658e-01
8.8300000000e+00,1.5956961230e-01,1.5911863141e-01
8.8400000000e+00,1.5939934409e-01,1.5904712228e-01
8.8500000000e+00,1.5926450281e-01,1.5897570900e-01
8.8600000000e+00,1.5912083690e-01,1.5890439134e-01
8.8700000000e+00,1.5900574167e-01,1.5883316909e-01
8.8800000000e+00,1.5888669966e-01,1.5876204204e-01
8.8900000000e+00,1.5875611289e-01,1.5869100998e-01
8.9000000000e+00,1.5865878269e-01,1.5862007269e-01
8.9100000000e+00,1.5855701160e-01,1.5854922996e-01
8.9200000000e+00,1.5846690104e-01,1.5847848157e-01
8.9300000000e+00,1.5840658962e-01,1.5840782733e-01
8.9400000000e+00,1.5833776260e-01,1.5833726702e-01
8.9500000000e+00,1.5831202511e-01,1.5826680042e-01
8.9600000000e+00,1.5824648797e-01,1.5819642734e-01
8.9700000000e+00,1.5815837546e-01,1.5812614755e-01
8.9800000000e+00,1.5801957401e-01,1.5805596086e-01
8.9900000000e+00,1.5791068954e-01,1.5798586706e-01
9.0000000000e+00,1.5781770006e-01,1.5791586593e-01
9.0100000000e+00,1.5772536842e-01,1.5784595728e-01
9.0200000000e+00,1.5764345595e-01,1.5777614089e-01
9.0300000000e+00,1.5755563571e-01,1.5770641656e-01
9.0400000000e+00,1.5748077649e-01,1.5763678409e-01
9.0500000000e+00,1.5735980002e-01,1.5756724326e-01
9.0600000000e+00,1.5720066873e-01,1.5749779388e-01
9.0700000000e+00,1.5710519141e-01,1.5742843575e-01
9.0800000000e+00,1.5706918974e-01,1.5735916865e-01
9.0900000000e+00,1.5700849489e-01,1.5728999239e-01
9.1000000000e+00,1.5699602322e-01,1.5722090676e-01
9.1100000000e+00,1.5703905579e-01,1.5715191157e-01
9.1200000000e+00,1.5704581342e-01,1.5708300661e-01
9.1300000000e+00,1.5703973193e-01,1.5701419168e-01
9.1400000000e+00,1.5697302155e-01,1.5694546657e-01
9.1500000000e+00,1.5693863021e-01,1.5687683110e-01
9.1600000000e+00,1.5691487231e-01,1.5680828506e-01
9.1700000000e+00,1.5689043014e-01,1.5673982826e-01
9.1800000000e+00,1.5687981645e-01,1.5667146048e-01
9.1900000000e+00,1.5687943257e-01,1.5660318155e-01
9.2000000000e+00,1.5688578817e-01,1.5653499125e-01
9.2100000000e+00,1.5685748433e-01,1.5646688939e-01
9.2200000000e+00,1.5685087326e-01,1.5639887578e-01
9.2300000000e+00,1.5680768507e-01,1.5633095022e-01
9.2400000000e+00,1.5676200715e-01,1.5626311252e-01
9.2500000000e+00,1.5669672171e-01,1.5619536247e-01
9.2600000000e+00,1.5658674595e-01,1.5612769989e-01
9.2700000000e+00,1.5644087008e-01,1.5606012458e-01
9.2800000000e+00,1.5626121243e-01,1.5599263634e-01
9.2900000000e+00,1.5614487792e-01,1.5592523499e-01
9.3000000000e+00,1.5600709990e-01,1.5585792034e-01
9.3100000000e+00,1.5581423190e-01,1.5579069218e-01
9.3200000000e+00,1.5563054747e-01,1.5572355033e-01
9.3300000000e+00,1.5542699072e-01,1.5565649459e-01
9.3400000000e+00,1.5527675230e-01,1.5558952478e-01
9.3500000000e+00,1.5512975552e-01,1.5552264071e-01
9.3600000000e+00,1.5497244882e-01,1.5545584218e-01
9.3700000000e+00,1.5482278420e-01,1.5538912901e-01
9.3800000000e+00,1.5465399416e-01,1.5532250100e-01
9.3900000000e+00,1.5451020565e-01,1.5525595797e-01
9.4000000000e+00,1.5441898480e-01,1.5518949974e-01
9.4100000000e+00,1.5430213524e-01,1.5512312610e-01
9.4200000000e+00,1.5417877910e-01,1.5505683689e-01
9.4300000000e+00,1.5403837186e-01,1.5499063190e-01
9.4400000000e+00,1.5393058833e-01,1.5492451095e-01
9.4500000000e+00,1.5386470911e-01,1.5485847387e-01
9.4600000000e+00,1.5375337888e-01,1.5479252045e-01
9.4700000000e+00,1.5364970283e-01,1.5472665052e-01
9.4800000000e+00,1.5352316009e-01,1.5466086390e-01
9.4900000000e+00,1.5342488468e-01,1.5459516039e-01
9.5000000000e+00,1.5329937641e-01,1.5452953982e-01
9.5100000000e+00,1.5320587376e-01,1.5446400199e-01
9.5200000000e+00,1.5311778979e-01,1.5439854674e-01
9.5300000000e+00,1.5302741457e-01,1.5433317388e-01
9.5400000000e+00,1.5295612253e-01,1.5426788322e-01
9.5500000000e+00,1.5284062836e-01,1.5420267459e-01
9.5600000000e+00,1.5271791875e-01,1.5413754780e-01
9.5700000000e+00,1.5258101775e-01,1.5407250267e-01
9.5800000000e+00,1.5243661973e-01,1.5400753902e-01
9.5900000000e+00,1.5227801945e-01,1.5394265668e-01
9.6000000000e+00,1.5216125954e-01,1.5387785546e-01
9.6100000000e+00,1.5205209957e-01,1.5381313519e-01
9.6200000000e+00,1.5195611643e-01,1.5374849568e-01
9.6300000000e+00,1.5187495483e-01,1.5368393677e-01
9.6400000000e+00,1.5178640602e-01,1.5361945826e-01
9.6500000000e+00,1.5172172056e-01,1.5355505999e-01
9.6600000000e+00,1.5169721997e-01,1.5349074178e-01
9.6700000000e+00,1.5169987725e-01,1.5342650345e-01
9.6800000000e+00,1.5172690863e-01,1.5336234483e-01
9.6900000000e+00,1.5172758846e-01,1.5329826574e-01
9.7000000000e+00,1.5168492915e-01,1.5323426600e-01
9.7100000000e+00,1.5168126479e-01,1.5317034545e-01
9.7200000000e+00,1.5170499004e-01,1.5310650390e-01
9.7300000000e+00,1.5170992274e-01,1.5304274119e-01
9.7400000000e+00,1.5172291780e-01,1.5297905714e-01
9.7500000000e+00,1.5181169671e-01,1.5291545158e-01
9.7600000000e+00,1.5185973778e-01,1.5285192433e-01
9.7700000000e+00,1.5185436623e-01,1.5278847523e-01
9.7800000000e+00,1.5185218845e-01,1.5272510410e-01
9.7900000000e+00,1.5184918776e-01,1.5266181077e-01
9.8000000000e+00,1.5180923461e-01,1.5259859507e-01
9.8100000000e+00,1.5178393845e-01,1.5253545683e-01
9.8200000000e+00,1.5176864063e-01,1.5247239589e-01
9.8300000000e+00,1.5176886273e-01,1.5240941206e-01
9.8400000000e+00,1.5172587605e-01,1.5234650519e-01
9.8500000000e+00,1.5172976092e-01,1.5228367510e-01
9.8600000000e+00,1.5167218004e-01,1.5222092162e-01
9.8700000000e+00,1.5164768670e-01,1.5215824459e-01
9.8800000000e+00,1.5163387193e-01,1.5209564385e-01
9.8900000000e+00,1.5165359433e-01,1.5203311921e-01
9.9000000000e+00,1.5161601279e-01,1.5197067052e-01
9.9100000000e+00,1.5162042833e-01,1.5190829762e-01
9.9200000000e+00,1.5162013739e-01,1.5184600032e-01
9.9300000000e+00,1.5158214753e-01,1.5178377848e-01
9.9400000000e+00,1.5153504565e-01,1.5172163192e-01
9.9500000000e+00,1.5153821179e-01,1.5165956048e-01
9.9600000000e+00,1.5153819726e-01,1.5159756399e-01
9.9700000000e+00,1.5153241544e-01,1.5153564230e-01
9.9800000000e+00,1.5149364177e-01,1.5147379523e-01
9.9900000000e+00,1.5150252685e-01,1.5141202263e-01
1.0000000000e+01,1.5147403746e-01,1.5135032433e-01
